tick,territory_id,owner_id,unrest,equilibrium,conquest_shock,base,compat_pressure,distance_pressure,infra_bonus,overexpansion,rapid_expansion,is_in_revolt,compat_total
0,mexico_yucatan,,0.000000,0.000000,0.000000,,,,,,,0,
0,guatemala,nation_guatemala,0.000000,0.020000,0.000000,0.020000,0.000000,0.000000,0.000000,0.000000,0.000000,0,1.000000
0,belize,,0.000000,0.000000,0.000000,,,,,,,0,
0,honduras,nation_honduras,0.000000,0.020000,0.000000,0.020000,0.000000,0.000000,0.000000,0.000000,0.000000,0,1.000000
0,el_salvador,,0.000000,0.000000,0.000000,,,,,,,0,
0,nicaragua,nation_nicaragua,0.000000,0.020000,0.000000,0.020000,0.000000,0.000000,0.000000,0.000000,0.000000,0,1.000000
0,costa_rica,nation_costa_rica,0.000000,0.020000,0.000000,0.020000,0.000000,0.000000,0.000000,0.000000,0.000000,0,1.000000
0,panama,nation_panama,0.000000,0.020000,0.000000,0.020000,0.000000,0.000000,0.000000,0.000000,0.000000,0,1.000000
1,mexico_yucatan,,0.000000,0.000000,0.000000,,,,,,,0,
1,guatemala,nation_guatemala,0.002000,0.020000,0.000000,0.020000,0.000000,0.000000,0.000000,0.000000,0.000000,0,1.000000
1,belize,nation_costa_rica,0.072004,0.714794,0.335000,0.020000,0.144794,0.160000,0.000000,0.000000,0.055000,0,0.736738
1,honduras,nation_honduras,0.002000,0.020000,0.000000,0.020000,0.000000,0.000000,0.000000,0.000000,0.000000,0,1.000000
1,el_salvador,,0.000000,0.000000,0.000000,,,,,,,0,
1,nicaragua,nation_nicaragua,0.002000,0.020000,0.000000,0.020000,0.000000,0.000000,0.000000,0.000000,0.000000,0,1.000000
1,costa_rica,nation_costa_rica,0.008346,0.078395,0.000000,0.020000,0.003395,0.000000,0.000000,0.000000,0.055000,0,0.993827
1,panama,nation_panama,0.002000,0.020000,0.000000,0.020000,0.000000,0.000000,0.000000,0.000000,0.000000,0,1.000000
2,mexico_yucatan,,0.000000,0.000000,0.000000,,,,,,,0,
2,guatemala,nation_guatemala,0.003800,0.020000,0.000000,0.020000,0.000000,0.000000,0.000000,0.000000,0.000000,0,1.000000
2,belize,nation_costa_rica,0.136283,0.709567,0.335000,0.020000,0.144567,0.160000,0.000000,0.000000,0.050000,0,0.737152
2,honduras,nation_honduras,0.003800,0.020000,0.000000,0.020000,0.000000,0.000000,0.000000,0.000000,0.000000,0,1.000000
2,el_salvador,,0.000000,0.000000,0.000000,,,,,,,0,
2,nicaragua,nation_nicaragua,0.003800,0.020000,0.000000,0.020000,0.000000,0.000000,0.000000,0.000000,0.000000,0,1.000000
2,costa_rica,nation_costa_rica,0.015351,0.073335,0.000000,0.020000,0.003335,0.000000,0.000000,0.000000,0.050000,0,0.993936
2,panama,nation_panama,0.003800,0.020000,0.000000,0.020000,0.000000,0.000000,0.000000,0.000000,0.000000,0,1.000000
3,mexico_yucatan,,0.000000,0.000000,0.000000,,,,,,,0,
3,guatemala,nation_guatemala,0.005420,0.020000,0.000000,0.020000,0.000000,0.000000,0.000000,0.000000,0.000000,0,1.000000
3,belize,nation_costa_rica,0.193611,0.704355,0.335000,0.020000,0.144355,0.160000,0.000000,0.000000,0.045000,0,0.737537
3,honduras,nation_honduras,0.005420,0.020000,0.000000,0.020000,0.000000,0.000000,0.000000,0.000000,0.000000,0,1.000000
3,el_salvador,,0.000000,0.000000,0.000000,,,,,,,0,
3,nicaragua,nation_nicaragua,0.005420,0.020000,0.000000,0.020000,0.000000,0.000000,0.000000,0.000000,0.000000,0,1.000000
3,costa_rica,nation_costa_rica,0.021149,0.068279,0.000000,0.020000,0.003279,0.000000,0.000000,0.000000,0.045000,0,0.994039
3,panama,nation_panama,0.005420,0.020000,0.000000,0.020000,0.000000,0.000000,0.000000,0.000000,0.000000,0,1.000000
4,mexico_yucatan,,0.000000,0.000000,0.000000,,,,,,,0,
4,guatemala,nation_guatemala,0.006878,0.020000,0.000000,0.020000,0.000000,0.000000,0.000000,0.000000,0.000000,0,1.000000
4,belize,nation_costa_rica,0.244686,0.699157,0.335000,0.020000,0.144157,0.160000,0.000000,0.000000,0.040000,0,0.737897
4,honduras,nation_honduras,0.006878,0.020000,0.000000,0.020000,0.000000,0.000000,0.000000,0.000000,0.000000,0,1.000000
4,el_salvador,,0.000000,0.000000,0.000000,,,,,,,0,
4,nicaragua,nation_nicaragua,0.006878,0.020000,0.000000,0.020000,0.000000,0.000000,0.000000,0.000000,0.000000,0,1.000000
4,costa_rica,nation_costa_rica,0.025862,0.063226,0.000000,0.020000,0.003226,0.000000,0.000000,0.000000,0.040000,0,0.994134
4,panama,nation_panama,0.006878,0.020000,0.000000,0.020000,0.000000,0.000000,0.000000,0.000000,0.000000,0,1.000000
5,mexico_yucatan,,0.000000,0.000000,0.000000,,,,,,,0,
5,guatemala,nation_guatemala,0.008190,0.020000,0.000000,0.020000,0.000000,0.000000,0.000000,0.000000,0.000000,0,1.000000
5,belize,nation_costa_rica,0.290133,0.693971,0.335000,0.020000,0.143971,0.160000,0.000000,0.000000,0.035000,0,0.738235
5,honduras,nation_honduras,0.008190,0.020000,0.000000,0.020000,0.000000,0.000000,0.000000,0.000000,0.000000,0,1.000000
5,el_salvador,,0.000000,0.000000,0.000000,,,,,,,0,
5,nicaragua,nation_nicaragua,0.008190,0.020000,0.000000,0.020000,0.000000,0.000000,0.000000,0.000000,0.000000,0,1.000000
5,costa_rica,nation_costa_rica,0.029599,0.058177,0.000000,0.020000,0.003177,0.000000,0.000000,0.000000,0.035000,0,0.994224
5,panama,nation_panama,0.008190,0.020000,0.000000,0.020000,0.000000,0.000000,0.000000,0.000000,0.000000,0,1.000000
6,mexico_yucatan,,0.000000,0.000000,0.000000,,,,,,,0,
6,guatemala,nation_guatemala,0.009371,0.020000,0.000000,0.020000,0.000000,0.000000,0.000000,0.000000,0.000000,0,1.000000
6,belize,nation_costa_rica,0.330517,0.688796,0.335000,0.020000,0.143796,0.160000,0.000000,0.000000,0.030000,0,0.738553
6,honduras,nation_honduras,0.009371,0.020000,0.000000,0.020000,0.000000,0.000000,0.000000,0.000000,0.000000,0,1.000000
6,el_salvador,,0.000000,0.000000,0.000000,,,,,,,0,
6,nicaragua,nation_nicaragua,0.009371,0.020000,0.000000,0.020000,0.000000,0.000000,0.000000,0.000000,0.000000,0,1.000000
6,costa_rica,nation_costa_rica,0.032457,0.053130,0.000000,0.020000,0.003130,0.000000,0.000000,0.000000,0.030000,0,0.994308
6,panama,nation_panama,0.009371,0.020000,0.000000,0.020000,0.000000,0.000000,0.000000,0.000000,0.000000,0,1.000000
7,mexico_yucatan,,0.000000,0.000000,0.000000,,,,,,,0,
7,guatemala,nation_guatemala,0.010434,0.020000,0.000000,0.020000,0.000000,0.000000,0.000000,0.000000,0.000000,0,1.000000
7,belize,nation_costa_rica,0.366344,0.683630,0.335000,0.020000,0.143630,0.160000,0.000000,0.000000,0.025000,0,0.738855
7,honduras,nation_honduras,0.010434,0.020000,0.000000,0.020000,0.000000,0.000000,0.000000,0.000000,0.000000,0,1.000000
7,el_salvador,,0.000000,0.000000,0.000000,,,,,,,0,
7,nicaragua,nation_nicaragua,0.010434,0.020000,0.000000,0.020000,0.000000,0.000000,0.000000,0.000000,0.000000,0,1.000000
7,costa_rica,nation_costa_rica,0.034524,0.048086,0.000000,0.020000,0.003086,0.000000,0.000000,0.000000,0.025000,0,0.994388
7,panama,nation_panama,0.010434,0.020000,0.000000,0.020000,0.000000,0.000000,0.000000,0.000000,0.000000,0,1.000000
8,mexico_yucatan,,0.000000,0.000000,0.000000,,,,,,,0,
8,guatemala,nation_guatemala,0.011391,0.020000,0.000000,0.020000,0.000000,0.000000,0.000000,0.000000,0.000000,0,1.000000
8,belize,nation_costa_rica,0.398073,0.678472,0.335000,0.020000,0.143472,0.160000,0.000000,0.000000,0.020000,0,0.739142
8,honduras,nation_honduras,0.011391,0.020000,0.000000,0.020000,0.000000,0.000000,0.000000,0.000000,0.000000,0,1.000000
8,el_salvador,,0.000000,0.000000,0.000000,,,,,,,0,
8,nicaragua,nation_nicaragua,0.011391,0.020000,0.000000,0.020000,0.000000,0.000000,0.000000,0.000000,0.000000,0,1.000000
8,costa_rica,nation_costa_rica,0.035880,0.043045,0.000000,0.020000,0.003045,0.000000,0.000000,0.000000,0.020000,0,0.994465
8,panama,nation_panama,0.011391,0.020000,0.000000,0.020000,0.000000,0.000000,0.000000,0.000000,0.000000,0,1.000000
9,mexico_yucatan,,0.000000,0.000000,0.000000,,,,,,,0,
9,guatemala,nation_guatemala,0.012252,0.020000,0.000000,0.020000,0.000000,0.000000,0.000000,0.000000,0.000000,0,1.000000
9,belize,nation_costa_rica,0.426113,0.673322,0.335000,0.020000,0.143322,0.160000,0.000000,0.000000,0.015000,0,0.739415
9,honduras,nation_honduras,0.012252,0.020000,0.000000,0.020000,0.000000,0.000000,0.000000,0.000000,0.000000,0,1.000000
9,el_salvador,,0.000000,0.000000,0.000000,,,,,,,0,
9,nicaragua,nation_nicaragua,0.012252,0.020000,0.000000,0.020000,0.000000,0.000000,0.000000,0.000000,0.000000,0,1.000000
9,costa_rica,nation_costa_rica,0.036597,0.038005,0.000000,0.020000,0.003005,0.000000,0.000000,0.000000,0.015000,0,0.994537
9,panama,nation_panama,0.012252,0.020000,0.000000,0.020000,0.000000,0.000000,0.000000,0.000000,0.000000,0,1.000000
10,mexico_yucatan,,0.000000,0.000000,0.000000,,,,,,,0,
10,guatemala,nation_guatemala,0.013026,0.020000,0.000000,0.020000,0.000000,0.000000,0.000000,0.000000,0.000000,0,1.000000
10,belize,nation_costa_rica,0.450834,0.668178,0.335000,0.020000,0.143178,0.160000,0.000000,0.000000,0.010000,0,0.739677
10,honduras,nation_honduras,0.013026,0.020000,0.000000,0.020000,0.000000,0.000000,0.000000,0.000000,0.000000,0,1.000000
10,el_salvador,,0.000000,0.000000,0.000000,,,,,,,0,
10,nicaragua,nation_nicaragua,0.013026,0.020000,0.000000,0.020000,0.000000,0.000000,0.000000,0.000000,0.000000,0,1.000000
10,costa_rica,nation_costa_rica,0.036737,0.032966,0.000000,0.020000,0.002966,0.000000,0.000000,0.000000,0.010000,0,0.994607
10,panama,nation_panama,0.013026,0.020000,0.000000,0.020000,0.000000,0.000000,0.000000,0.000000,0.000000,0,1.000000
11,mexico_yucatan,,0.000000,0.000000,0.000000,,,,,,,0,
11,guatemala,nation_guatemala,0.013724,0.020000,0.000000,0.020000,0.000000,0.000000,0.000000,0.000000,0.000000,0,1.000000
11,belize,nation_costa_rica,0.472568,0.663039,0.335000,0.020000,0.143039,0.160000,0.000000,0.000000,0.005000,0,0.739929
11,honduras,nation_honduras,0.013724,0.020000,0.000000,0.020000,0.000000,0.000000,0.000000,0.000000,0.000000,0,1.000000
11,el_salvador,,0.000000,0.000000,0.000000,,,,,,,0,
11,nicaragua,nation_nicaragua,0.013724,0.020000,0.000000,0.020000,0.000000,0.000000,0.000000,0.000000,0.000000,0,1.000000
11,costa_rica,nation_costa_rica,0.036360,0.027930,0.000000,0.020000,0.002930,0.000000,0.000000,0.000000,0.005000,0,0.994673
11,panama,nation_panama,0.013724,0.020000,0.000000,0.020000,0.000000,0.000000,0.000000,0.000000,0.000000,0,1.000000
12,mexico_yucatan,,0.000000,0.000000,0.000000,,,,,,,0,
12,guatemala,nation_guatemala,0.014351,0.020000,0.000000,0.020000,0.000000,0.000000,0.000000,0.000000,0.000000,0,1.000000
12,belize,nation_costa_rica,0.491615,0.657906,0.335000,0.020000,0.142906,0.160000,0.000000,0.000000,0.000000,0,0.740171
12,honduras,nation_honduras,0.014351,0.020000,0.000000,0.020000,0.000000,0.000000,0.000000,0.000000,0.000000,0,1.000000
12,el_salvador,,0.000000,0.000000,0.000000,,,,,,,0,
12,nicaragua,nation_nicaragua,0.014351,0.020000,0.000000,0.020000,0.000000,0.000000,0.000000,0.000000,0.000000,0,1.000000
12,costa_rica,nation_costa_rica,0.035517,0.022894,0.000000,0.020000,0.002894,0.000000,0.000000,0.000000,0.000000,0,0.994738
12,panama,nation_panama,0.014351,0.020000,0.000000,0.020000,0.000000,0.000000,0.000000,0.000000,0.000000,0,1.000000
13,mexico_yucatan,,0.000000,0.000000,0.000000,,,,,,,0,
13,guatemala,nation_guatemala,0.014916,0.020000,0.000000,0.020000,0.000000,0.000000,0.000000,0.000000,0.000000,0,1.000000
13,belize,nation_costa_rica,0.508244,0.657777,0.335000,0.020000,0.142777,0.160000,0.000000,0.000000,0.000000,0,0.740405
13,honduras,nation_honduras,0.014916,0.020000,0.000000,0.020000,0.000000,0.000000,0.000000,0.000000,0.000000,0,1.000000
13,el_salvador,,0.000000,0.000000,0.000000,,,,,,,0,
13,nicaragua,nation_nicaragua,0.014916,0.020000,0.000000,0.020000,0.000000,0.000000,0.000000,0.000000,0.000000,0,1.000000
13,costa_rica,nation_costa_rica,0.034255,0.022860,0.000000,0.020000,0.002860,0.000000,0.000000,0.000000,0.000000,0,0.994800
13,panama,nation_panama,0.014916,0.020000,0.000000,0.020000,0.000000,0.000000,0.000000,0.000000,0.000000,0,1.000000
14,mexico_yucatan,,0.000000,0.000000,0.000000,,,,,,,0,
14,guatemala,nation_guatemala,0.015425,0.020000,0.000000,0.020000,0.000000,0.000000,0.000000,0.000000,0.000000,0,1.000000
14,belize,nation_costa_rica,0.523198,0.657652,0.335000,0.020000,0.142652,0.160000,0.000000,0.000000,0.000000,0,0.740633
14,honduras,nation_honduras,0.015425,0.020000,0.000000,0.020000,0.000000,0.000000,0.000000,0.000000,0.000000,0,1.000000
14,el_salvador,,0.000000,0.000000,0.000000,,,,,,,0,
14,nicaragua,nation_nicaragua,0.015425,0.020000,0.000000,0.020000,0.000000,0.000000,0.000000,0.000000,0.000000,0,1.000000
14,costa_rica,nation_costa_rica,0.033115,0.022827,0.000000,0.020000,0.002827,0.000000,0.000000,0.000000,0.000000,0,0.994860
14,panama,nation_panama,0.015425,0.020000,0.000000,0.020000,0.000000,0.000000,0.000000,0.000000,0.000000,0,1.000000
15,mexico_yucatan,,0.000000,0.000000,0.000000,,,,,,,0,
15,guatemala,nation_guatemala,0.015882,0.020000,0.000000,0.020000,0.000000,0.000000,0.000000,0.000000,0.000000,0,1.000000
15,belize,nation_costa_rica,0.536643,0.657531,0.335000,0.020000,0.142531,0.160000,0.000000,0.000000,0.000000,0,0.740853
15,honduras,nation_honduras,0.015882,0.020000,0.000000,0.020000,0.000000,0.000000,0.000000,0.000000,0.000000,0,1.000000
15,el_salvador,,0.000000,0.000000,0.000000,,,,,,,0,
15,nicaragua,nation_nicaragua,0.015882,0.020000,0.000000,0.020000,0.000000,0.000000,0.000000,0.000000,0.000000,0,1.000000
15,costa_rica,nation_costa_rica,0.032087,0.022795,0.000000,0.020000,0.002795,0.000000,0.000000,0.000000,0.000000,0,0.994919
15,panama,nation_panama,0.015882,0.020000,0.000000,0.020000,0.000000,0.000000,0.000000,0.000000,0.000000,0,1.000000
16,mexico_yucatan,,0.000000,0.000000,0.000000,,,,,,,0,
16,guatemala,nation_guatemala,0.016294,0.020000,0.000000,0.020000,0.000000,0.000000,0.000000,0.000000,0.000000,0,1.000000
16,belize,nation_costa_rica,0.548732,0.657413,0.335000,0.020000,0.142413,0.160000,0.000000,0.000000,0.000000,0,0.741067
16,honduras,nation_honduras,0.016294,0.020000,0.000000,0.020000,0.000000,0.000000,0.000000,0.000000,0.000000,0,1.000000
16,el_salvador,,0.000000,0.000000,0.000000,,,,,,,0,
16,nicaragua,nation_nicaragua,0.016294,0.020000,0.000000,0.020000,0.000000,0.000000,0.000000,0.000000,0.000000,0,1.000000
16,costa_rica,nation_costa_rica,0.031157,0.022763,0.000000,0.020000,0.002763,0.000000,0.000000,0.000000,0.000000,0,0.994976
16,panama,nation_panama,0.016294,0.020000,0.000000,0.020000,0.000000,0.000000,0.000000,0.000000,0.000000,0,1.000000
17,mexico_yucatan,,0.000000,0.000000,0.000000,,,,,,,0,
17,guatemala,nation_guatemala,0.016665,0.020000,0.000000,0.020000,0.000000,0.000000,0.000000,0.000000,0.000000,0,1.000000
17,belize,nation_costa_rica,0.559600,0.657298,0.335000,0.020000,0.142298,0.160000,0.000000,0.000000,0.000000,0,0.741276
17,honduras,nation_honduras,0.016665,0.020000,0.000000,0.020000,0.000000,0.000000,0.000000,0.000000,0.000000,0,1.000000
17,el_salvador,,0.000000,0.000000,0.000000,,,,,,,0,
17,nicaragua,nation_nicaragua,0.016665,0.020000,0.000000,0.020000,0.000000,0.000000,0.000000,0.000000,0.000000,0,1.000000
17,costa_rica,nation_costa_rica,0.030318,0.022733,0.000000,0.020000,0.002733,0.000000,0.000000,0.000000,0.000000,0,0.995031
17,panama,nation_panama,0.016665,0.020000,0.000000,0.020000,0.000000,0.000000,0.000000,0.000000,0.000000,0,1.000000
18,mexico_yucatan,,0.000000,0.000000,0.000000,,,,,,,0,
18,guatemala,nation_guatemala,0.016998,0.020000,0.000000,0.020000,0.000000,0.000000,0.000000,0.000000,0.000000,0,1.000000
18,belize,nation_costa_rica,0.569370,0.657186,0.335000,0.020000,0.142186,0.160000,0.000000,0.000000,0.000000,0,0.741480
18,honduras,nation_honduras,0.016998,0.020000,0.000000,0.020000,0.000000,0.000000,0.000000,0.000000,0.000000,0,1.000000
18,el_salvador,,0.000000,0.000000,0.000000,,,,,,,0,
18,nicaragua,nation_nicaragua,0.016998,0.020000,0.000000,0.020000,0.000000,0.000000,0.000000,0.000000,0.000000,0,1.000000
18,costa_rica,nation_costa_rica,0.029559,0.022703,0.000000,0.020000,0.002703,0.000000,0.000000,0.000000,0.000000,0,0.995085
18,panama,nation_panama,0.016998,0.020000,0.000000,0.020000,0.000000,0.000000,0.000000,0.000000,0.000000,0,1.000000
19,mexico_yucatan,,0.000000,0.000000,0.000000,,,,,,,0,
19,guatemala,nation_guatemala,0.017298,0.020000,0.000000,0.020000,0.000000,0.000000,0.000000,0.000000,0.000000,0,1.000000
19,belize,nation_costa_rica,0.578151,0.657077,0.335000,0.020000,0.142077,0.160000,0.000000,0.000000,0.000000,0,0.741679
19,honduras,nation_honduras,0.017298,0.020000,0.000000,0.020000,0.000000,0.000000,0.000000,0.000000,0.000000,0,1.000000
19,el_salvador,,0.000000,0.000000,0.000000,,,,,,,0,
19,nicaragua,nation_nicaragua,0.017298,0.020000,0.000000,0.020000,0.000000,0.000000,0.000000,0.000000,0.000000,0,1.000000
19,costa_rica,nation_costa_rica,0.028874,0.022674,0.000000,0.020000,0.002674,0.000000,0.000000,0.000000,0.000000,0,0.995138
19,panama,nation_panama,0.017298,0.020000,0.000000,0.020000,0.000000,0.000000,0.000000,0.000000,0.000000,0,1.000000
20,mexico_yucatan,,0.000000,0.000000,0.000000,,,,,,,0,
20,guatemala,nation_guatemala,0.017568,0.020000,0.000000,0.020000,0.000000,0.000000,0.000000,0.000000,0.000000,0,1.000000
20,belize,nation_costa_rica,0.586044,0.656970,0.335000,0.020000,0.141970,0.160000,0.000000,0.000000,0.000000,0,0.741873
20,honduras,nation_honduras,0.017568,0.020000,0.000000,0.020000,0.000000,0.000000,0.000000,0.000000,0.000000,0,1.000000
20,el_salvador,,0.000000,0.000000,0.000000,,,,,,,0,
20,nicaragua,nation_nicaragua,0.017568,0.020000,0.000000,0.020000,0.000000,0.000000,0.000000,0.000000,0.000000,0,1.000000
20,costa_rica,nation_costa_rica,0.028254,0.022646,0.000000,0.020000,0.002646,0.000000,0.000000,0.000000,0.000000,0,0.995189
20,panama,nation_panama,0.017568,0.020000,0.000000,0.020000,0.000000,0.000000,0.000000,0.000000,0.000000,0,1.000000
21,mexico_yucatan,,0.000000,0.000000,0.000000,,,,,,,0,
21,guatemala,nation_guatemala,0.017812,0.020000,0.000000,0.020000,0.000000,0.000000,0.000000,0.000000,0.000000,0,1.000000
21,belize,nation_costa_rica,0.593136,0.656865,0.335000,0.020000,0.141865,0.160000,0.000000,0.000000,0.000000,0,0.742064
21,honduras,nation_honduras,0.017812,0.020000,0.000000,0.020000,0.000000,0.000000,0.000000,0.000000,0.000000,0,1.000000
21,el_salvador,,0.000000,0.000000,0.000000,,,,,,,0,
21,nicaragua,nation_nicaragua,0.017812,0.020000,0.000000,0.020000,0.000000,0.000000,0.000000,0.000000,0.000000,0,1.000000
21,costa_rica,nation_costa_rica,0.027693,0.022618,0.000000,0.020000,0.002618,0.000000,0.000000,0.000000,0.000000,0,0.995240
21,panama,nation_panama,0.017812,0.020000,0.000000,0.020000,0.000000,0.000000,0.000000,0.000000,0.000000,0,1.000000
22,mexico_yucatan,,0.000000,0.000000,0.000000,,,,,,,0,
22,guatemala,nation_guatemala,0.018030,0.020000,0.000000,0.020000,0.000000,0.000000,0.000000,0.000000,0.000000,0,1.000000
22,belize,nation_costa_rica,0.599509,0.656762,0.335000,0.020000,0.141762,0.160000,0.000000,0.000000,0.000000,0,0.742251
22,honduras,nation_honduras,0.018030,0.020000,0.000000,0.020000,0.000000,0.000000,0.000000,0.000000,0.000000,0,1.000000
22,el_salvador,,0.000000,0.000000,0.000000,,,,,,,0,
22,nicaragua,nation_nicaragua,0.018030,0.020000,0.000000,0.020000,0.000000,0.000000,0.000000,0.000000,0.000000,0,1.000000
22,costa_rica,nation_costa_rica,0.027186,0.022591,0.000000,0.020000,0.002591,0.000000,0.000000,0.000000,0.000000,0,0.995290
22,panama,nation_panama,0.018030,0.020000,0.000000,0.020000,0.000000,0.000000,0.000000,0.000000,0.000000,0,1.000000
23,mexico_yucatan,,0.000000,0.000000,0.000000,,,,,,,0,
23,guatemala,nation_guatemala,0.018227,0.020000,0.000000,0.020000,0.000000,0.000000,0.000000,0.000000,0.000000,0,1.000000
23,belize,nation_costa_rica,0.605235,0.656661,0.335000,0.020000,0.141661,0.160000,0.000000,0.000000,0.000000,0,0.742434
23,honduras,nation_honduras,0.018227,0.020000,0.000000,0.020000,0.000000,0.000000,0.000000,0.000000,0.000000,0,1.000000
23,el_salvador,,0.000000,0.000000,0.000000,,,,,,,0,
23,nicaragua,nation_nicaragua,0.018227,0.020000,0.000000,0.020000,0.000000,0.000000,0.000000,0.000000,0.000000,0,1.000000
23,costa_rica,nation_costa_rica,0.026726,0.022564,0.000000,0.020000,0.002564,0.000000,0.000000,0.000000,0.000000,0,0.995338
23,panama,nation_panama,0.018227,0.020000,0.000000,0.020000,0.000000,0.000000,0.000000,0.000000,0.000000,0,1.000000
24,mexico_yucatan,,0.000000,0.000000,0.000000,,,,,,,0,
24,guatemala,nation_guatemala,0.018405,0.020000,0.000000,0.020000,0.000000,0.000000,0.000000,0.000000,0.000000,0,1.000000
24,belize,nation_costa_rica,0.610377,0.656562,0.335000,0.020000,0.141562,0.160000,0.000000,0.000000,0.000000,0,0.742614
24,honduras,nation_honduras,0.018405,0.020000,0.000000,0.020000,0.000000,0.000000,0.000000,0.000000,0.000000,0,1.000000
24,el_salvador,,0.000000,0.000000,0.000000,,,,,,,0,
24,nicaragua,nation_nicaragua,0.018405,0.020000,0.000000,0.020000,0.000000,0.000000,0.000000,0.000000,0.000000,0,1.000000
24,costa_rica,nation_costa_rica,0.026310,0.022538,0.000000,0.020000,0.002538,0.000000,0.000000,0.000000,0.000000,0,0.995386
24,panama,nation_panama,0.018405,0.020000,0.000000,0.020000,0.000000,0.000000,0.000000,0.000000,0.000000,0,1.000000
25,mexico_yucatan,,0.000000,0.000000,0.000000,,,,,,,0,
25,guatemala,nation_guatemala,0.018564,0.020000,0.000000,0.020000,0.000000,0.000000,0.000000,0.000000,0.000000,0,1.000000
25,belize,nation_costa_rica,0.614996,0.656465,0.335000,0.020000,0.141465,0.160000,0.000000,0.000000,0.000000,0,0.742791
25,honduras,nation_honduras,0.018564,0.020000,0.000000,0.020000,0.000000,0.000000,0.000000,0.000000,0.000000,0,1.000000
25,el_salvador,,0.000000,0.000000,0.000000,,,,,,,0,
25,nicaragua,nation_nicaragua,0.018564,0.020000,0.000000,0.020000,0.000000,0.000000,0.000000,0.000000,0.000000,0,1.000000
25,costa_rica,nation_costa_rica,0.025933,0.022512,0.000000,0.020000,0.002512,0.000000,0.000000,0.000000,0.000000,0,0.995433
25,panama,nation_panama,0.018564,0.020000,0.000000,0.020000,0.000000,0.000000,0.000000,0.000000,0.000000,0,1.000000
26,mexico_yucatan,,0.000000,0.000000,0.000000,,,,,,,0,
26,guatemala,nation_guatemala,0.018708,0.020000,0.000000,0.020000,0.000000,0.000000,0.000000,0.000000,0.000000,0,1.000000
26,belize,nation_costa_rica,0.619143,0.656370,0.335000,0.020000,0.141370,0.160000,0.000000,0.000000,0.000000,0,0.742965
26,honduras,nation_honduras,0.018708,0.020000,0.000000,0.020000,0.000000,0.000000,0.000000,0.000000,0.000000,0,1.000000
26,el_salvador,,0.000000,0.000000,0.000000,,,,,,,0,
26,nicaragua,nation_nicaragua,0.018708,0.020000,0.000000,0.020000,0.000000,0.000000,0.000000,0.000000,0.000000,0,1.000000
26,costa_rica,nation_costa_rica,0.025591,0.022487,0.000000,0.020000,0.002487,0.000000,0.000000,0.000000,0.000000,0,0.995479
26,panama,nation_panama,0.018708,0.020000,0.000000,0.020000,0.000000,0.000000,0.000000,0.000000,0.000000,0,1.000000
27,mexico_yucatan,,0.000000,0.000000,0.000000,,,,,,,0,
27,guatemala,nation_guatemala,0.018837,0.020000,0.000000,0.020000,0.000000,0.000000,0.000000,0.000000,0.000000,0,1.000000
27,belize,nation_costa_rica,0.622865,0.656275,0.335000,0.020000,0.141275,0.160000,0.000000,0.000000,0.000000,0,0.743136
27,honduras,nation_honduras,0.018837,0.020000,0.000000,0.020000,0.000000,0.000000,0.000000,0.000000,0.000000,0,1.000000
27,el_salvador,,0.000000,0.000000,0.000000,,,,,,,0,
27,nicaragua,nation_nicaragua,0.018837,0.020000,0.000000,0.020000,0.000000,0.000000,0.000000,0.000000,0.000000,0,1.000000
27,costa_rica,nation_costa_rica,0.025280,0.022462,0.000000,0.020000,0.002462,0.000000,0.000000,0.000000,0.000000,0,0.995524
27,panama,nation_panama,0.018837,0.020000,0.000000,0.020000,0.000000,0.000000,0.000000,0.000000,0.000000,0,1.000000
28,mexico_yucatan,,0.000000,0.000000,0.000000,,,,,,,0,
28,guatemala,nation_guatemala,0.018953,0.020000,0.000000,0.020000,0.000000,0.000000,0.000000,0.000000,0.000000,0,1.000000
28,belize,nation_costa_rica,0.626206,0.656183,0.335000,0.020000,0.141183,0.160000,0.000000,0.000000,0.000000,0,0.743304
28,honduras,nation_honduras,0.018953,0.020000,0.000000,0.020000,0.000000,0.000000,0.000000,0.000000,0.000000,0,1.000000
28,el_salvador,,0.000000,0.000000,0.000000,,,,,,,0,
28,nicaragua,nation_nicaragua,0.018953,0.020000,0.000000,0.020000,0.000000,0.000000,0.000000,0.000000,0.000000,0,1.000000
28,costa_rica,nation_costa_rica,0.024998,0.022437,0.000000,0.020000,0.002437,0.000000,0.000000,0.000000,0.000000,0,0.995569
28,panama,nation_panama,0.018953,0.020000,0.000000,0.020000,0.000000,0.000000,0.000000,0.000000,0.000000,0,1.000000
29,mexico_yucatan,,0.000000,0.000000,0.000000,,,,,,,0,
29,guatemala,nation_guatemala,0.019058,0.020000,0.000000,0.020000,0.000000,0.000000,0.000000,0.000000,0.000000,0,1.000000
29,belize,nation_costa_rica,0.629204,0.656091,0.335000,0.020000,0.141091,0.160000,0.000000,0.000000,0.000000,0,0.743470
29,honduras,nation_honduras,0.019058,0.020000,0.000000,0.020000,0.000000,0.000000,0.000000,0.000000,0.000000,0,1.000000
29,el_salvador,,0.000000,0.000000,0.000000,,,,,,,0,
29,nicaragua,nation_nicaragua,0.019058,0.020000,0.000000,0.020000,0.000000,0.000000,0.000000,0.000000,0.000000,0,1.000000
29,costa_rica,nation_costa_rica,0.024742,0.022413,0.000000,0.020000,0.002413,0.000000,0.000000,0.000000,0.000000,0,0.995613
29,panama,nation_panama,0.019058,0.020000,0.000000,0.020000,0.000000,0.000000,0.000000,0.000000,0.000000,0,1.000000
30,mexico_yucatan,,0.000000,0.000000,0.000000,,,,,,,0,
30,guatemala,nation_guatemala,0.019152,0.020000,0.000000,0.020000,0.000000,0.000000,0.000000,0.000000,0.000000,0,1.000000
30,belize,nation_costa_rica,0.631893,0.656001,0.335000,0.020000,0.141001,0.160000,0.000000,0.000000,0.000000,0,0.743634
30,honduras,nation_honduras,0.019152,0.020000,0.000000,0.020000,0.000000,0.000000,0.000000,0.000000,0.000000,0,1.000000
30,el_salvador,,0.000000,0.000000,0.000000,,,,,,,0,
30,nicaragua,nation_nicaragua,0.019152,0.020000,0.000000,0.020000,0.000000,0.000000,0.000000,0.000000,0.000000,0,1.000000
30,costa_rica,nation_costa_rica,0.024509,0.022389,0.000000,0.020000,0.002389,0.000000,0.000000,0.000000,0.000000,0,0.995657
30,panama,nation_panama,0.019152,0.020000,0.000000,0.020000,0.000000,0.000000,0.000000,0.000000,0.000000,0,1.000000
31,mexico_yucatan,,0.000000,0.000000,0.000000,,,,,,,0,
31,guatemala,nation_guatemala,0.019237,0.020000,0.000000,0.020000,0.000000,0.000000,0.000000,0.000000,0.000000,0,1.000000
31,belize,nation_costa_rica,0.634304,0.655912,0.335000,0.020000,0.140912,0.160000,0.000000,0.000000,0.000000,0,0.743796
31,honduras,nation_honduras,0.019237,0.020000,0.000000,0.020000,0.000000,0.000000,0.000000,0.000000,0.000000,0,1.000000
31,el_salvador,,0.000000,0.000000,0.000000,,,,,,,0,
31,nicaragua,nation_nicaragua,0.019237,0.020000,0.000000,0.020000,0.000000,0.000000,0.000000,0.000000,0.000000,0,1.000000
31,costa_rica,nation_costa_rica,0.024297,0.022365,0.000000,0.020000,0.002365,0.000000,0.000000,0.000000,0.000000,0,0.995700
31,panama,nation_panama,0.019237,0.020000,0.000000,0.020000,0.000000,0.000000,0.000000,0.000000,0.000000,0,1.000000
32,mexico_yucatan,,0.000000,0.000000,0.000000,,,,,,,0,
32,guatemala,nation_guatemala,0.019313,0.020000,0.000000,0.020000,0.000000,0.000000,0.000000,0.000000,0.000000,0,1.000000
32,belize,nation_costa_rica,0.636464,0.655825,0.335000,0.020000,0.140825,0.160000,0.000000,0.000000,0.000000,0,0.743955
32,honduras,nation_honduras,0.019313,0.020000,0.000000,0.020000,0.000000,0.000000,0.000000,0.000000,0.000000,0,1.000000
32,el_salvador,,0.000000,0.000000,0.000000,,,,,,,0,
32,nicaragua,nation_nicaragua,0.019313,0.020000,0.000000,0.020000,0.000000,0.000000,0.000000,0.000000,0.000000,0,1.000000
32,costa_rica,nation_costa_rica,0.024104,0.022342,0.000000,0.020000,0.002342,0.000000,0.000000,0.000000,0.000000,0,0.995742
32,panama,nation_panama,0.019313,0.020000,0.000000,0.020000,0.000000,0.000000,0.000000,0.000000,0.000000,0,1.000000
33,mexico_yucatan,,0.000000,0.000000,0.000000,,,,,,,0,
33,guatemala,nation_guatemala,0.019382,0.020000,0.000000,0.020000,0.000000,0.000000,0.000000,0.000000,0.000000,0,1.000000
33,belize,nation_costa_rica,0.638400,0.655738,0.335000,0.020000,0.140738,0.160000,0.000000,0.000000,0.000000,0,0.744113
33,honduras,nation_honduras,0.019382,0.020000,0.000000,0.020000,0.000000,0.000000,0.000000,0.000000,0.000000,0,1.000000
33,el_salvador,,0.000000,0.000000,0.000000,,,,,,,0,
33,nicaragua,nation_nicaragua,0.019382,0.020000,0.000000,0.020000,0.000000,0.000000,0.000000,0.000000,0.000000,0,1.000000
33,costa_rica,nation_costa_rica,0.023928,0.022319,0.000000,0.020000,0.002319,0.000000,0.000000,0.000000,0.000000,0,0.995784
33,panama,nation_panama,0.019382,0.020000,0.000000,0.020000,0.000000,0.000000,0.000000,0.000000,0.000000,0,1.000000
34,mexico_yucatan,,0.000000,0.000000,0.000000,,,,,,,0,
34,guatemala,nation_guatemala,0.019444,0.020000,0.000000,0.020000,0.000000,0.000000,0.000000,0.000000,0.000000,0,1.000000
34,belize,nation_costa_rica,0.640134,0.655653,0.335000,0.020000,0.140653,0.160000,0.000000,0.000000,0.000000,0,0.744268
34,honduras,nation_honduras,0.019444,0.020000,0.000000,0.020000,0.000000,0.000000,0.000000,0.000000,0.000000,0,1.000000
34,el_salvador,,0.000000,0.000000,0.000000,,,,,,,0,
34,nicaragua,nation_nicaragua,0.019444,0.020000,0.000000,0.020000,0.000000,0.000000,0.000000,0.000000,0.000000,0,1.000000
34,costa_rica,nation_costa_rica,0.023767,0.022296,0.000000,0.020000,0.002296,0.000000,0.000000,0.000000,0.000000,0,0.995825
34,panama,nation_panama,0.019444,0.020000,0.000000,0.020000,0.000000,0.000000,0.000000,0.000000,0.000000,0,1.000000
35,mexico_yucatan,,0.000000,0.000000,0.000000,,,,,,,0,
35,guatemala,nation_guatemala,0.019499,0.020000,0.000000,0.020000,0.000000,0.000000,0.000000,0.000000,0.000000,0,1.000000
35,belize,nation_costa_rica,0.641686,0.655568,0.335000,0.020000,0.140568,0.160000,0.000000,0.000000,0.000000,0,0.744422
35,honduras,nation_honduras,0.019499,0.020000,0.000000,0.020000,0.000000,0.000000,0.000000,0.000000,0.000000,0,1.000000
35,el_salvador,,0.000000,0.000000,0.000000,,,,,,,0,
35,nicaragua,nation_nicaragua,0.019499,0.020000,0.000000,0.020000,0.000000,0.000000,0.000000,0.000000,0.000000,0,1.000000
35,costa_rica,nation_costa_rica,0.023620,0.022274,0.000000,0.020000,0.002274,0.000000,0.000000,0.000000,0.000000,0,0.995866
35,panama,nation_panama,0.019499,0.020000,0.000000,0.020000,0.000000,0.000000,0.000000,0.000000,0.000000,0,1.000000
36,mexico_yucatan,,0.000000,0.000000,0.000000,,,,,,,0,
36,guatemala,nation_guatemala,0.019549,0.020000,0.000000,0.020000,0.000000,0.000000,0.000000,0.000000,0.000000,0,1.000000
36,belize,nation_costa_rica,0.643074,0.655485,0.335000,0.020000,0.140485,0.160000,0.000000,0.000000,0.000000,0,0.744573
36,honduras,nation_honduras,0.019549,0.020000,0.000000,0.020000,0.000000,0.000000,0.000000,0.000000,0.000000,0,1.000000
36,el_salvador,,0.000000,0.000000,0.000000,,,,,,,0,
36,nicaragua,nation_nicaragua,0.019549,0.020000,0.000000,0.020000,0.000000,0.000000,0.000000,0.000000,0.000000,0,1.000000
36,costa_rica,nation_costa_rica,0.023485,0.022252,0.000000,0.020000,0.002252,0.000000,0.000000,0.000000,0.000000,0,0.995906
36,panama,nation_panama,0.019549,0.020000,0.000000,0.020000,0.000000,0.000000,0.000000,0.000000,0.000000,0,1.000000
37,mexico_yucatan,,0.000000,0.000000,0.000000,,,,,,,0,
37,guatemala,nation_guatemala,0.019594,0.020000,0.000000,0.020000,0.000000,0.000000,0.000000,0.000000,0.000000,0,1.000000
37,belize,nation_costa_rica,0.644315,0.655402,0.335000,0.020000,0.140402,0.160000,0.000000,0.000000,0.000000,0,0.744723
37,honduras,nation_honduras,0.019594,0.020000,0.000000,0.020000,0.000000,0.000000,0.000000,0.000000,0.000000,0,1.000000
37,el_salvador,,0.000000,0.000000,0.000000,,,,,,,0,
37,nicaragua,nation_nicaragua,0.019594,0.020000,0.000000,0.020000,0.000000,0.000000,0.000000,0.000000,0.000000,0,1.000000
37,costa_rica,nation_costa_rica,0.023362,0.022230,0.000000,0.020000,0.002230,0.000000,0.000000,0.000000,0.000000,0,0.995946
37,panama,nation_panama,0.019594,0.020000,0.000000,0.020000,0.000000,0.000000,0.000000,0.000000,0.000000,0,1.000000
38,mexico_yucatan,,0.000000,0.000000,0.000000,,,,,,,0,
38,guatemala,nation_guatemala,0.019635,0.020000,0.000000,0.020000,0.000000,0.000000,0.000000,0.000000,0.000000,0,1.000000
38,belize,nation_costa_rica,0.645424,0.655321,0.335000,0.020000,0.140321,0.160000,0.000000,0.000000,0.000000,0,0.744871
38,honduras,nation_honduras,0.019635,0.020000,0.000000,0.020000,0.000000,0.000000,0.000000,0.000000,0.000000,0,1.000000
38,el_salvador,,0.000000,0.000000,0.000000,,,,,,,0,
38,nicaragua,nation_nicaragua,0.019635,0.020000,0.000000,0.020000,0.000000,0.000000,0.000000,0.000000,0.000000,0,1.000000
38,costa_rica,nation_costa_rica,0.023249,0.022208,0.000000,0.020000,0.002208,0.000000,0.000000,0.000000,0.000000,0,0.995985
38,panama,nation_panama,0.019635,0.020000,0.000000,0.020000,0.000000,0.000000,0.000000,0.000000,0.000000,0,1.000000
39,mexico_yucatan,,0.000000,0.000000,0.000000,,,,,,,0,
39,guatemala,nation_guatemala,0.019672,0.020000,0.000000,0.020000,0.000000,0.000000,0.000000,0.000000,0.000000,0,1.000000
39,belize,nation_costa_rica,0.646414,0.655240,0.335000,0.020000,0.140240,0.160000,0.000000,0.000000,0.000000,0,0.745018
39,honduras,nation_honduras,0.019672,0.020000,0.000000,0.020000,0.000000,0.000000,0.000000,0.000000,0.000000,0,1.000000
39,el_salvador,,0.000000,0.000000,0.000000,,,,,,,0,
39,nicaragua,nation_nicaragua,0.019672,0.020000,0.000000,0.020000,0.000000,0.000000,0.000000,0.000000,0.000000,0,1.000000
39,costa_rica,nation_costa_rica,0.023145,0.022187,0.000000,0.020000,0.002187,0.000000,0.000000,0.000000,0.000000,0,0.996024
39,panama,nation_panama,0.019672,0.020000,0.000000,0.020000,0.000000,0.000000,0.000000,0.000000,0.000000,0,1.000000
40,mexico_yucatan,,0.000000,0.000000,0.000000,,,,,,,0,
40,guatemala,nation_guatemala,0.019704,0.020000,0.000000,0.020000,0.000000,0.000000,0.000000,0.000000,0.000000,0,1.000000
40,belize,nation_costa_rica,0.647296,0.655160,0.335000,0.020000,0.140160,0.160000,0.000000,0.000000,0.000000,0,0.745163
40,honduras,nation_honduras,0.019704,0.020000,0.000000,0.020000,0.000000,0.000000,0.000000,0.000000,0.000000,0,1.000000
40,el_salvador,,0.000000,0.000000,0.000000,,,,,,,0,
40,nicaragua,nation_nicaragua,0.019704,0.020000,0.000000,0.020000,0.000000,0.000000,0.000000,0.000000,0.000000,0,1.000000
40,costa_rica,nation_costa_rica,0.023049,0.022166,0.000000,0.020000,0.002166,0.000000,0.000000,0.000000,0.000000,0,0.996062
40,panama,nation_panama,0.019704,0.020000,0.000000,0.020000,0.000000,0.000000,0.000000,0.000000,0.000000,0,1.000000
41,mexico_yucatan,,0.000000,0.000000,0.000000,,,,,,,0,
41,guatemala,nation_guatemala,0.019734,0.020000,0.000000,0.020000,0.000000,0.000000,0.000000,0.000000,0.000000,0,1.000000
41,belize,nation_costa_rica,0.648083,0.655082,0.335000,0.020000,0.140082,0.160000,0.000000,0.000000,0.000000,0,0.745306
41,honduras,nation_honduras,0.019734,0.020000,0.000000,0.020000,0.000000,0.000000,0.000000,0.000000,0.000000,0,1.000000
41,el_salvador,,0.000000,0.000000,0.000000,,,,,,,0,
41,nicaragua,nation_nicaragua,0.019734,0.020000,0.000000,0.020000,0.000000,0.000000,0.000000,0.000000,0.000000,0,1.000000
41,costa_rica,nation_costa_rica,0.022961,0.022145,0.000000,0.020000,0.002145,0.000000,0.000000,0.000000,0.000000,0,0.996100
41,panama,nation_panama,0.019734,0.020000,0.000000,0.020000,0.000000,0.000000,0.000000,0.000000,0.000000,0,1.000000
42,mexico_yucatan,,0.000000,0.000000,0.000000,,,,,,,0,
42,guatemala,nation_guatemala,0.019761,0.020000,0.000000,0.020000,0.000000,0.000000,0.000000,0.000000,0.000000,0,1.000000
42,belize,nation_costa_rica,0.648783,0.655004,0.335000,0.020000,0.140004,0.160000,0.000000,0.000000,0.000000,0,0.745448
42,honduras,nation_honduras,0.019761,0.020000,0.000000,0.020000,0.000000,0.000000,0.000000,0.000000,0.000000,0,1.000000
42,el_salvador,,0.000000,0.000000,0.000000,,,,,,,0,
42,nicaragua,nation_nicaragua,0.019761,0.020000,0.000000,0.020000,0.000000,0.000000,0.000000,0.000000,0.000000,0,1.000000
42,costa_rica,nation_costa_rica,0.022879,0.022124,0.000000,0.020000,0.002124,0.000000,0.000000,0.000000,0.000000,0,0.996138
42,panama,nation_panama,0.019761,0.020000,0.000000,0.020000,0.000000,0.000000,0.000000,0.000000,0.000000,0,1.000000
43,mexico_yucatan,,0.000000,0.000000,0.000000,,,,,,,0,
43,guatemala,nation_guatemala,0.019784,0.020000,0.000000,0.020000,0.000000,0.000000,0.000000,0.000000,0.000000,0,1.000000
43,belize,nation_costa_rica,0.649405,0.654926,0.335000,0.020000,0.139926,0.160000,0.000000,0.000000,0.000000,0,0.745588
43,honduras,nation_honduras,0.019784,0.020000,0.000000,0.020000,0.000000,0.000000,0.000000,0.000000,0.000000,0,1.000000
43,el_salvador,,0.000000,0.000000,0.000000,,,,,,,0,
43,nicaragua,nation_nicaragua,0.019784,0.020000,0.000000,0.020000,0.000000,0.000000,0.000000,0.000000,0.000000,0,1.000000
43,costa_rica,nation_costa_rica,0.022803,0.022104,0.000000,0.020000,0.002104,0.000000,0.000000,0.000000,0.000000,0,0.996175
43,panama,nation_panama,0.019784,0.020000,0.000000,0.020000,0.000000,0.000000,0.000000,0.000000,0.000000,0,1.000000
44,mexico_yucatan,,0.000000,0.000000,0.000000,,,,,,,0,
44,guatemala,nation_guatemala,0.019806,0.020000,0.000000,0.020000,0.000000,0.000000,0.000000,0.000000,0.000000,0,1.000000
44,belize,nation_costa_rica,0.649957,0.654850,0.335000,0.020000,0.139850,0.160000,0.000000,0.000000,0.000000,0,0.745727
44,honduras,nation_honduras,0.019806,0.020000,0.000000,0.020000,0.000000,0.000000,0.000000,0.000000,0.000000,0,1.000000
44,el_salvador,,0.000000,0.000000,0.000000,,,,,,,0,
44,nicaragua,nation_nicaragua,0.019806,0.020000,0.000000,0.020000,0.000000,0.000000,0.000000,0.000000,0.000000,0,1.000000
44,costa_rica,nation_costa_rica,0.022733,0.022083,0.000000,0.020000,0.002083,0.000000,0.000000,0.000000,0.000000,0,0.996212
44,panama,nation_panama,0.019806,0.020000,0.000000,0.020000,0.000000,0.000000,0.000000,0.000000,0.000000,0,1.000000
45,mexico_yucatan,,0.000000,0.000000,0.000000,,,,,,,0,
45,guatemala,nation_guatemala,0.019825,0.020000,0.000000,0.020000,0.000000,0.000000,0.000000,0.000000,0.000000,0,1.000000
45,belize,nation_costa_rica,0.650446,0.654775,0.335000,0.020000,0.139775,0.160000,0.000000,0.000000,0.000000,0,0.745864
45,honduras,nation_honduras,0.019825,0.020000,0.000000,0.020000,0.000000,0.000000,0.000000,0.000000,0.000000,0,1.000000
45,el_salvador,,0.000000,0.000000,0.000000,,,,,,,0,
45,nicaragua,nation_nicaragua,0.019825,0.020000,0.000000,0.020000,0.000000,0.000000,0.000000,0.000000,0.000000,0,1.000000
45,costa_rica,nation_costa_rica,0.022668,0.022063,0.000000,0.020000,0.002063,0.000000,0.000000,0.000000,0.000000,0,0.996249
45,panama,nation_panama,0.019825,0.020000,0.000000,0.020000,0.000000,0.000000,0.000000,0.000000,0.000000,0,1.000000
46,mexico_yucatan,,0.000000,0.000000,0.000000,,,,,,,0,
46,guatemala,nation_guatemala,0.019843,0.020000,0.000000,0.020000,0.000000,0.000000,0.000000,0.000000,0.000000,0,1.000000
46,belize,nation_costa_rica,0.650879,0.654700,0.335000,0.020000,0.139700,0.160000,0.000000,0.000000,0.000000,0,0.746000
46,honduras,nation_honduras,0.019843,0.020000,0.000000,0.020000,0.000000,0.000000,0.000000,0.000000,0.000000,0,1.000000
46,el_salvador,,0.000000,0.000000,0.000000,,,,,,,0,
46,nicaragua,nation_nicaragua,0.019843,0.020000,0.000000,0.020000,0.000000,0.000000,0.000000,0.000000,0.000000,0,1.000000
46,costa_rica,nation_costa_rica,0.022608,0.022043,0.000000,0.020000,0.002043,0.000000,0.000000,0.000000,0.000000,0,0.996285
46,panama,nation_panama,0.019843,0.020000,0.000000,0.020000,0.000000,0.000000,0.000000,0.000000,0.000000,0,1.000000
47,mexico_yucatan,,0.000000,0.000000,0.000000,,,,,,,0,
47,guatemala,nation_guatemala,0.019859,0.020000,0.000000,0.020000,0.000000,0.000000,0.000000,0.000000,0.000000,0,1.000000
47,belize,nation_costa_rica,0.651261,0.654626,0.335000,0.020000,0.139626,0.160000,0.000000,0.000000,0.000000,0,0.746135
47,honduras,nation_honduras,0.019859,0.020000,0.000000,0.020000,0.000000,0.000000,0.000000,0.000000,0.000000,0,1.000000
47,el_salvador,,0.000000,0.000000,0.000000,,,,,,,0,
47,nicaragua,nation_nicaragua,0.019859,0.020000,0.000000,0.020000,0.000000,0.000000,0.000000,0.000000,0.000000,0,1.000000
47,costa_rica,nation_costa_rica,0.022551,0.022024,0.000000,0.020000,0.002024,0.000000,0.000000,0.000000,0.000000,0,0.996320
47,panama,nation_panama,0.019859,0.020000,0.000000,0.020000,0.000000,0.000000,0.000000,0.000000,0.000000,0,1.000000
48,mexico_yucatan,,0.000000,0.000000,0.000000,,,,,,,0,
48,guatemala,nation_guatemala,0.019873,0.020000,0.000000,0.020000,0.000000,0.000000,0.000000,0.000000,0.000000,0,1.000000
48,belize,nation_costa_rica,0.651598,0.654553,0.335000,0.020000,0.139553,0.160000,0.000000,0.000000,0.000000,0,0.746268
48,honduras,nation_honduras,0.019873,0.020000,0.000000,0.020000,0.000000,0.000000,0.000000,0.000000,0.000000,0,1.000000
48,el_salvador,,0.000000,0.000000,0.000000,,,,,,,0,
48,nicaragua,nation_nicaragua,0.019873,0.020000,0.000000,0.020000,0.000000,0.000000,0.000000,0.000000,0.000000,0,1.000000
48,costa_rica,nation_costa_rica,0.022499,0.022004,0.000000,0.020000,0.002004,0.000000,0.000000,0.000000,0.000000,0,0.996356
48,panama,nation_panama,0.019873,0.020000,0.000000,0.020000,0.000000,0.000000,0.000000,0.000000,0.000000,0,1.000000
49,mexico_yucatan,,0.000000,0.000000,0.000000,,,,,,,0,
49,guatemala,nation_guatemala,0.019885,0.020000,0.000000,0.020000,0.000000,0.000000,0.000000,0.000000,0.000000,0,1.000000
49,belize,nation_costa_rica,0.651893,0.654480,0.335000,0.020000,0.139480,0.160000,0.000000,0.000000,0.000000,0,0.746400
49,honduras,nation_honduras,0.019885,0.020000,0.000000,0.020000,0.000000,0.000000,0.000000,0.000000,0.000000,0,1.000000
49,el_salvador,,0.000000,0.000000,0.000000,,,,,,,0,
49,nicaragua,nation_nicaragua,0.019885,0.020000,0.000000,0.020000,0.000000,0.000000,0.000000,0.000000,0.000000,0,1.000000
49,costa_rica,nation_costa_rica,0.022449,0.021985,0.000000,0.020000,0.001985,0.000000,0.000000,0.000000,0.000000,0,0.996391
49,panama,nation_panama,0.019885,0.020000,0.000000,0.020000,0.000000,0.000000,0.000000,0.000000,0.000000,0,1.000000
50,mexico_yucatan,,0.000000,0.000000,0.000000,,,,,,,0,
50,guatemala,nation_guatemala,0.019897,0.020000,0.000000,0.020000,0.000000,0.000000,0.000000,0.000000,0.000000,0,1.000000
50,belize,nation_costa_rica,0.652152,0.654408,0.335000,0.020000,0.139408,0.160000,0.000000,0.000000,0.000000,0,0.746531
50,honduras,nation_honduras,0.019897,0.020000,0.000000,0.020000,0.000000,0.000000,0.000000,0.000000,0.000000,0,1.000000
50,el_salvador,,0.000000,0.000000,0.000000,,,,,,,0,
50,nicaragua,nation_nicaragua,0.019897,0.020000,0.000000,0.020000,0.000000,0.000000,0.000000,0.000000,0.000000,0,1.000000
50,costa_rica,nation_costa_rica,0.022403,0.021966,0.000000,0.020000,0.001966,0.000000,0.000000,0.000000,0.000000,0,0.996425
50,panama,nation_panama,0.019897,0.020000,0.000000,0.020000,0.000000,0.000000,0.000000,0.000000,0.000000,0,1.000000
